{
    "training_history": {
        "train_loss": [
            0.09432890244266566,
            0.08481067309484762,
            0.07823676369426881,
            0.07380408503334313,
            0.0684991278411711,
            0.0698614116100704,
            0.06030873872120591,
            0.0576037384898347,
            0.053803350338164496,
            0.05332797045326408,
            0.05064825798549196,
            0.04419327006839654,
            0.04078016335637692,
            0.03997881206519464,
            0.03742086805184098,
            0.03336148148895625,
            0.03638003235135008,
            0.03631121339276433,
            0.03353745991583256,
            0.03178068896865144,
            0.02801367115941556,
            0.028313505504389897,
            0.0246224067557384,
            0.0222117422723814,
            0.02352757115081391,
            0.02380672558758627,
            0.021060571293620503,
            0.022793464896762195,
            0.021532924907446346,
            0.018685308452832568,
            0.019145483685219112,
            0.022732117898104823,
            0.028707513763733646,
            0.02618883836411816
        ],
        "val_loss": [
            0.09640673597653707,
            0.0901413823167483,
            0.08685981035232544,
            0.08291953255732855,
            0.0799331101278464,
            0.08404434993863105,
            0.07921090995272001,
            0.07583680897951126,
            0.0776391200721264,
            0.07319197629888853,
            0.07980154678225518,
            0.07315465795497099,
            0.07317779113849004,
            0.06869607158005238,
            0.06860771055022875,
            0.07738030503193537,
            0.07358402200043201,
            0.06864067216714223,
            0.07056473071376483,
            0.06552150038381417,
            0.06945115501681963,
            0.06450621585051218,
            0.06643313374370337,
            0.06130409662922223,
            0.06237862855195999,
            0.062077287832895914,
            0.06856199987232685,
            0.06521151040991148,
            0.06952029590805371,
            0.06290590216716131,
            0.06373913536469142,
            0.06272503230720758,
            0.06548563092947006,
            0.06721443235874176
        ],
        "best_val_loss": 0.06130409662922223,
        "epochs_no_improve": 10
    },
    "evaluation_metrics": {
        "mse": 0.06134789437055588,
        "rmse": 0.24768507480621338,
        "mae": 0.18270820379257202,
        "r2": 0.4054328537701921
    },
    "model_config": {
        "input_size": 57,
        "hidden_size": 64,
        "num_layers": 2
    }
}